Entry Name,Fsys ID,File Identifier
PKX Pokemon Model - 0,None (0x0),None (0x0)
pkx_fushigidane.fsys - 1,pkx_fushigidane.fsys (0xA4),FileIdentifier_0x2B81E00 (0x2B81E00)
pkx_fushigisou.fsys - 2,pkx_fushigisou.fsys (0x119),FileIdentifier_0x33F1E00 (0x33F1E00)
pkx_fushigibana.fsys - 3,pkx_fushigibana.fsys (0x118),FileIdentifier_0x33E1E00 (0x33E1E00)
pkx_hitokage.fsys - 4,pkx_hitokage.fsys (0x341),FileIdentifier_0x5A11E00 (0x5A11E00)
pkx_lizardo.fsys - 5,pkx_lizardo.fsys (0x34B),FileIdentifier_0x5AB1E00 (0x5AB1E00)
pkx_lizardon.fsys - 6,pkx_lizardon.fsys (0x34A),FileIdentifier_0x5AA1E00 (0x5AA1E00)
pkx_zenigame.fsys - 7,pkx_zenigame.fsys (0x22D),FileIdentifier_0x4431E00 (0x4431E00)
pkx_kameil.fsys - 8,pkx_kameil.fsys (0x14E),FileIdentifier_0x3721E00 (0x3721E00)
pkx_kamex.fsys - 9,pkx_kamex.fsys (0x14F),FileIdentifier_0x3731E00 (0x3731E00)
pkx_caterpie.fsys - 10,pkx_caterpie.fsys (0xB2),FileIdentifier_0x2C81E00 (0x2C81E00)
pkx_transel.fsys - 11,pkx_transel.fsys (0x1F5),FileIdentifier_0x4101E00 (0x4101E00)
pkx_butterfree.fsys - 12,pkx_butterfree.fsys (0xE7),FileIdentifier_0x3081E00 (0x3081E00)
pkx_beedle.fsys - 13,pkx_beedle.fsys (0xE1),FileIdentifier_0x3041E00 (0x3041E00)
pkx_cocoon.fsys - 14,pkx_cocoon.fsys (0xFD),FileIdentifier_0x3251E00 (0x3251E00)
pkx_spear.fsys - 15,pkx_spear.fsys (0x1E4),FileIdentifier_0x4011E00 (0x4011E00)
pkx_poppo.fsys - 16,pkx_poppo.fsys (0x1B8),FileIdentifier_0x3D71E00 (0x3D71E00)
pkx_pigeon.fsys - 17,pkx_pigeon.fsys (0x1B2),FileIdentifier_0x3D21E00 (0x3D21E00)
pkx_pigeot.fsys - 18,pkx_pigeot.fsys (0x1B3),FileIdentifier_0x3D31E00 (0x3D31E00)
pkx_koratta.fsys - 19,pkx_koratta.fsys (0x165),FileIdentifier_0x3871E00 (0x3871E00)
pkx_ratta.fsys - 20,pkx_ratta.fsys (0x1C9),FileIdentifier_0x4501E00 (0x4501E00)
pkx_onisuzume.fsys - 21,pkx_onisuzume.fsys (0x1A8),FileIdentifier_0x3C81E00 (0x3C81E00)
pkx_onidrill.fsys - 22,pkx_onidrill.fsys (0x1A6),FileIdentifier_0x3C61E00 (0x3C61E00)
pkx_arbo.fsys - 23,pkx_arbo.fsys (0xAF),FileIdentifier_0x2C61E00 (0x2C61E00)
pkx_arbok.fsys - 24,pkx_arbok.fsys (0xDD),FileIdentifier_0x3001E00 (0x3001E00)
pkx_pikachu.fsys - 25,pkx_pikachu.fsys (0xBF),FileIdentifier_0x2D51E00 (0x2D51E00)
pkx_raichu.fsys - 26,pkx_raichu.fsys (0x1C5),FileIdentifier_0x3E41E00 (0x3E41E00)
pkx_sand.fsys - 27,pkx_sand.fsys (0x1D8),FileIdentifier_0x3F51E00 (0x3F51E00)
pkx_sandpan.fsys - 28,pkx_sandpan.fsys (0x1D7),FileIdentifier_0x3F41E00 (0x3F41E00)
pkx_nidoran_f.fsys - 29,pkx_nidoran_f.fsys (0x190),FileIdentifier_0x3B01E00 (0x3B01E00)
pkx_nidorina.fsys - 30,pkx_nidorina.fsys (0x192),FileIdentifier_0x3B21E00 (0x3B21E00)
pkx_nidoqueen.fsys - 31,pkx_nidoqueen.fsys (0x18F),FileIdentifier_0x3AF1E00 (0x3AF1E00)
pkx_nidoran_m.fsys - 32,pkx_nidoran_m.fsys (0x191),FileIdentifier_0x3B11E00 (0x3B11E00)
pkx_nidorino.fsys - 33,pkx_nidorino.fsys (0x193),FileIdentifier_0x3B31E00 (0x3B31E00)
pkx_nidoking.fsys - 34,pkx_nidoking.fsys (0xBE),FileIdentifier_0x2D41E00 (0x2D41E00)
pkx_pippi.fsys - 35,pkx_pippi.fsys (0x1B4),FileIdentifier_0x3D41E00 (0x3D41E00)
pkx_pixy.fsys - 36,pkx_pixy.fsys (0x1B5),FileIdentifier_0x44F1E00 (0x44F1E00)
pkx_rokon.fsys - 37,pkx_rokon.fsys (0x1CD),FileIdentifier_0x3EB1E00 (0x3EB1E00)
pkx_kyukon.fsys - 38,pkx_kyukon.fsys (0x169),FileIdentifier_0x38B1E00 (0x38B1E00)
pkx_purin.fsys - 39,pkx_purin.fsys (0x1C3),FileIdentifier_0x3E21E00 (0x3E21E00)
pkx_pukurin.fsys - 40,pkx_pukurin.fsys (0x1C1),FileIdentifier_0x3E01E00 (0x3E01E00)
pkx_zubat.fsys - 41,pkx_zubat.fsys (0x22F),FileIdentifier_0x4451E00 (0x4451E00)
pkx_golbat.fsys - 42,pkx_golbat.fsys (0x121),FileIdentifier_0x3471E00 (0x3471E00)
pkx_nazonokusa.fsys - 43,pkx_nazonokusa.fsys (0x18D),FileIdentifier_0x3AD1E00 (0x3AD1E00)
pkx_kusaihana.fsys - 44,pkx_kusaihana.fsys (0x168),FileIdentifier_0x38A1E00 (0x38A1E00)
pkx_ruffresia.fsys - 45,pkx_ruffresia.fsys (0x1D0),FileIdentifier_0x3ED1E00 (0x3ED1E00)
pkx_paras.fsys - 46,pkx_paras.fsys (0x1AD),FileIdentifier_0x3CD1E00 (0x3CD1E00)
pkx_parasect.fsys - 47,pkx_parasect.fsys (0x1AC),FileIdentifier_0x3CC1E00 (0x3CC1E00)
pkx_kongpang.fsys - 48,pkx_kongpang.fsys (0x163),FileIdentifier_0x44C1E00 (0x44C1E00)
pkx_morphon.fsys - 49,pkx_morphon.fsys (0x186),FileIdentifier_0x3A61E00 (0x3A61E00)
pkx_digda.fsys - 50,pkx_digda.fsys (0x104),FileIdentifier_0x32B1E00 (0x32B1E00)
pkx_dugtrio.fsys - 51,pkx_dugtrio.fsys (0x10E),FileIdentifier_0x3341E00 (0x3341E00)
pkx_nyarth.fsys - 52,pkx_nyarth.fsys (0x19B),FileIdentifier_0x3BB1E00 (0x3BB1E00)
pkx_persian.fsys - 53,pkx_persian.fsys (0x1B0),FileIdentifier_0x3D01E00 (0x3D01E00)
pkx_koduck.fsys - 54,pkx_koduck.fsys (0x161),FileIdentifier_0x3841E00 (0x3841E00)
pkx_golduck.fsys - 55,pkx_golduck.fsys (0xB8),FileIdentifier_0x2CE1E00 (0x2CE1E00)
pkx_mankey.fsys - 56,pkx_mankey.fsys (0x173),FileIdentifier_0x3931E00 (0x3931E00)
pkx_okorizaru.fsys - 57,pkx_okorizaru.fsys (0x1A2),FileIdentifier_0x3C21E00 (0x3C21E00)
pkx_gardie.fsys - 58,pkx_gardie.fsys (0x11C),FileIdentifier_0x3421E00 (0x3421E00)
pkx_windie.fsys - 59,pkx_windie.fsys (0x21D),FileIdentifier_0x4351E00 (0x4351E00)
pkx_nyoromo.fsys - 60,pkx_nyoromo.fsys (0x19D),FileIdentifier_0x3BD1E00 (0x3BD1E00)
pkx_nyorozo.fsys - 61,pkx_nyorozo.fsys (0x19F),FileIdentifier_0x3BF1E00 (0x3BF1E00)
pkx_nyorobon.fsys - 62,pkx_nyorobon.fsys (0x19C),FileIdentifier_0x3BC1E00 (0x3BC1E00)
pkx_casey.fsys - 63,pkx_casey.fsys (0xE9),FileIdentifier_0x30A1E00 (0x30A1E00)
pkx_yungerer.fsys - 64,pkx_yungerer.fsys (0x22A),FileIdentifier_0x4401E00 (0x4401E00)
pkx_foodin.fsys - 65,pkx_foodin.fsys (0x116),FileIdentifier_0x33C1E00 (0x33C1E00)
pkx_wanriky.fsys - 66,pkx_wanriky.fsys (0x21A),FileIdentifier_0x4331E00 (0x4331E00)
pkx_goriky.fsys - 67,pkx_goriky.fsys (0x126),FileIdentifier_0x34C1E00 (0x34C1E00)
pkx_kairiky.fsys - 68,pkx_kairiky.fsys (0x14B),FileIdentifier_0x36F1E00 (0x36F1E00)
pkx_madatsubomi.fsys - 69,pkx_madatsubomi.fsys (0x170),FileIdentifier_0x3901E00 (0x3901E00)
pkx_utsudon.fsys - 70,pkx_utsudon.fsys (0x216),FileIdentifier_0x42F1E00 (0x42F1E00)
pkx_utsubot.fsys - 71,pkx_utsubot.fsys (0x215),FileIdentifier_0x42E1E00 (0x42E1E00)
pkx_menokurage.fsys - 72,pkx_menokurage.fsys (0x17A),FileIdentifier_0x39A1E00 (0x39A1E00)
pkx_dokukurage.fsys - 73,pkx_dokukurage.fsys (0x10C),FileIdentifier_0x4481E00 (0x4481E00)
pkx_ishitsubute.fsys - 74,pkx_ishitsubute.fsys (0x13F),FileIdentifier_0x3641E00 (0x3641E00)
pkx_golone.fsys - 75,pkx_golone.fsys (0x122),FileIdentifier_0x3481E00 (0x3481E00)
pkx_golonya.fsys - 76,pkx_golonya.fsys (0x123),FileIdentifier_0x3491E00 (0x3491E00)
pkx_ponyta.fsys - 77,pkx_ponyta.fsys (0x353),FileIdentifier_0x5B31E00 (0x5B31E00)
pkx_gallop.fsys - 78,pkx_gallop.fsys (0x33D),FileIdentifier_0x59D1E00 (0x59D1E00)
pkx_yadon.fsys - 79,pkx_yadon.fsys (0x21F),FileIdentifier_0x4371E00 (0x4371E00)
pkx_yadoran.fsys - 80,pkx_yadoran.fsys (0x220),FileIdentifier_0x4381E00 (0x4381E00)
pkx_coil.fsys - 81,pkx_coil.fsys (0xFE),FileIdentifier_0x3261E00 (0x3261E00)
pkx_rarecoil.fsys - 82,pkx_rarecoil.fsys (0x1C8),FileIdentifier_0x3E71E00 (0x3E71E00)
pkx_kamonegi.fsys - 83,pkx_kamonegi.fsys (0x150),FileIdentifier_0x3741E00 (0x3741E00)
pkx_dodo.fsys - 84,pkx_dodo.fsys (0x108),FileIdentifier_0x32F1E00 (0x32F1E00)
pkx_dodorio.fsys - 85,pkx_dodorio.fsys (0x107),FileIdentifier_0x32E1E00 (0x32E1E00)
pkx_pawou.fsys - 86,pkx_pawou.fsys (0x1AE),FileIdentifier_0x3CE1E00 (0x3CE1E00)
pkx_jugon.fsys - 87,pkx_jugon.fsys (0x142),FileIdentifier_0x3671E00 (0x3671E00)
pkx_betbeter.fsys - 88,pkx_betbeter.fsys (0xCA),FileIdentifier_0x2E11E00 (0x2E11E00)
pkx_betbeton.fsys - 89,pkx_betbeton.fsys (0xE2),FileIdentifier_0x3051E00 (0x3051E00)
pkx_shellder.fsys - 90,pkx_shellder.fsys (0x1DB),FileIdentifier_0x3F81E00 (0x3F81E00)
pkx_parshen.fsys - 91,pkx_parshen.fsys (0xBD),FileIdentifier_0x2D31E00 (0x2D31E00)
pkx_ghos.fsys - 92,pkx_ghos.fsys (0x33E),FileIdentifier_0x59E1E00 (0x59E1E00)
pkx_ghost.fsys - 93,pkx_ghost.fsys (0x11E),FileIdentifier_0x3441E00 (0x3441E00)
pkx_gangar.fsys - 94,pkx_gangar.fsys (0x11A),FileIdentifier_0x3401E00 (0x3401E00)
pkx_iwark.fsys - 95,pkx_iwark.fsys (0x141),FileIdentifier_0x3661E00 (0x3661E00)
pkx_sleepe.fsys - 96,pkx_sleepe.fsys (0x1E1),FileIdentifier_0x3FE1E00 (0x3FE1E00)
pkx_sleeper.fsys - 97,pkx_sleeper.fsys (0x1E0),FileIdentifier_0x3FD1E00 (0x3FD1E00)
pkx_crab.fsys - 98,pkx_crab.fsys (0x100),FileIdentifier_0x4471E00 (0x4471E00)
pkx_kingler.fsys - 99,pkx_kingler.fsys (0x15A),FileIdentifier_0x37E1E00 (0x37E1E00)
pkx_biriridama.fsys - 100,pkx_biriridama.fsys (0xE3),FileIdentifier_0x2FF1E00 (0x2FF1E00)
pkx_marumine.fsys - 101,pkx_marumine.fsys (0x177),FileIdentifier_0x3971E00 (0x3971E00)
pkx_tamatama.fsys - 102,pkx_tamatama.fsys (0x1EA),FileIdentifier_0x4061E00 (0x4061E00)
pkx_nassy.fsys - 103,pkx_nassy.fsys (0xBC),FileIdentifier_0x2D21E00 (0x2D21E00)
pkx_karakara.fsys - 104,pkx_karakara.fsys (0x152),FileIdentifier_0x3761E00 (0x3761E00)
pkx_garagara.fsys - 105,pkx_garagara.fsys (0x11B),FileIdentifier_0x3411E00 (0x3411E00)
pkx_sawamular.fsys - 106,pkx_sawamular.fsys (0x1D9),FileIdentifier_0x3F61E00 (0x3F61E00)
pkx_ebiwalar.fsys - 107,pkx_ebiwalar.fsys (0x10F),FileIdentifier_0x3351E00 (0x3351E00)
pkx_beroringa.fsys - 108,pkx_beroringa.fsys (0xC9),FileIdentifier_0x2E01E00 (0x2E01E00)
pkx_dogars.fsys - 109,pkx_dogars.fsys (0x336),FileIdentifier_0x5971E00 (0x5971E00)
pkx_matadogas.fsys - 110,pkx_matadogas.fsys (0x34F),FileIdentifier_0x5AF1E00 (0x5AF1E00)
pkx_sihorn.fsys - 111,pkx_sihorn.fsys (0x1DE),FileIdentifier_0x3FB1E00 (0x3FB1E00)
pkx_sidon.fsys - 112,pkx_sidon.fsys (0x1DD),FileIdentifier_0x3FA1E00 (0x3FA1E00)
pkx_lucky.fsys - 113,pkx_lucky.fsys (0xBB),FileIdentifier_0x2D11E00 (0x2D11E00)
pkx_monjara.fsys - 114,pkx_monjara.fsys (0x185),FileIdentifier_0x3A51E00 (0x3A51E00)
pkx_garura.fsys - 115,pkx_garura.fsys (0x11D),FileIdentifier_0x3431E00 (0x3431E00)
pkx_tattu.fsys - 116,pkx_tattu.fsys (0x1ED),FileIdentifier_0x4091E00 (0x4091E00)
pkx_seadra.fsys - 117,pkx_seadra.fsys (0x1DA),FileIdentifier_0x3F71E00 (0x3F71E00)
pkx_tosakinto.fsys - 118,pkx_tosakinto.fsys (0x1F4),FileIdentifier_0x40F1E00 (0x40F1E00)
pkx_azumao.fsys - 119,pkx_azumao.fsys (0xDF),FileIdentifier_0x3021E00 (0x3021E00)
pkx_hitodeman.fsys - 120,pkx_hitodeman.fsys (0x13A),FileIdentifier_0x4491E00 (0x4491E00)
pkx_starmie.fsys - 121,pkx_starmie.fsys (0x1E5),FileIdentifier_0x4021E00 (0x4021E00)
pkx_barrierd.fsys - 122,pkx_barrierd.fsys (0xC6),FileIdentifier_0x2DD1E00 (0x2DD1E00)
pkx_strike.fsys - 123,pkx_strike.fsys (0x1E6),FileIdentifier_0x4521E00 (0x4521E00)
pkx_rougela.fsys - 124,pkx_rougela.fsys (0x1CF),FileIdentifier_0x3EC1E00 (0x3EC1E00)
pkx_eleboo.fsys - 125,pkx_eleboo.fsys (0x112),FileIdentifier_0x3381E00 (0x3381E00)
pkx_boober.fsys - 126,pkx_boober.fsys (0x333),FileIdentifier_0x5941E00 (0x5941E00)
pkx_kailios.fsys - 127,pkx_kailios.fsys (0x14A),FileIdentifier_0x36E1E00 (0x36E1E00)
pkx_kentauros.fsys - 128,pkx_kentauros.fsys (0x156),FileIdentifier_0x37A1E00 (0x37A1E00)
pkx_koiking.fsys - 129,pkx_koiking.fsys (0x162),FileIdentifier_0x3851E00 (0x3851E00)
pkx_gyarados.fsys - 130,pkx_gyarados.fsys (0x129),FileIdentifier_0x34F1E00 (0x34F1E00)
pkx_laplace.fsys - 131,pkx_laplace.fsys (0x16C),FileIdentifier_0x38D1E00 (0x38D1E00)
pkx_metamon.fsys - 132,pkx_metamon.fsys (0x17D),FileIdentifier_0x39D1E00 (0x39D1E00)
pkx_eievui.fsys - 133,pkx_eievui.fsys (0x339),FileIdentifier_0x59A1E00 (0x59A1E00)
pkx_showers.fsys - 134,pkx_showers.fsys (0x358),FileIdentifier_0x5B81E00 (0x5B81E00)
pkx_thunders.fsys - 135,pkx_thunders.fsys (0x35B),FileIdentifier_0x5BB1E00 (0x5BB1E00)
pkx_booster.fsys - 136,pkx_booster.fsys (0x334),FileIdentifier_0x5951E00 (0x5951E00)
pkx_porygon.fsys - 137,pkx_porygon.fsys (0x1BA),FileIdentifier_0x3D91E00 (0x3D91E00)
pkx_omnite.fsys - 138,pkx_omnite.fsys (0x1A4),FileIdentifier_0x3C41E00 (0x3C41E00)
pkx_omstar.fsys - 139,pkx_omstar.fsys (0x1A5),FileIdentifier_0x3C51E00 (0x3C51E00)
pkx_kabuto.fsys - 140,pkx_kabuto.fsys (0x148),FileIdentifier_0x36C1E00 (0x36C1E00)
pkx_kabutops.fsys - 141,pkx_kabutops.fsys (0x147),FileIdentifier_0x36B1E00 (0x36B1E00)
pkx_ptera.fsys - 142,pkx_ptera.fsys (0x1C0),FileIdentifier_0x3DF1E00 (0x3DF1E00)
pkx_kabigon.fsys - 143,pkx_kabigon.fsys (0x146),FileIdentifier_0x36A1E00 (0x36A1E00)
pkx_freezer.fsys - 144,pkx_freezer.fsys (0x33C),FileIdentifier_0x6081E00 (0x6081E00)
pkx_thunder.fsys - 145,pkx_thunder.fsys (0x1F0),FileIdentifier_0x40B1E00 (0x40B1E00)
pkx_fire.fsys - 146,pkx_fire.fsys (0x33B),FileIdentifier_0x59C1E00 (0x59C1E00)
pkx_miniryu.fsys - 147,pkx_miniryu.fsys (0x181),FileIdentifier_0x3A11E00 (0x3A11E00)
pkx_hakuryu.fsys - 148,pkx_hakuryu.fsys (0x12C),FileIdentifier_0x3521E00 (0x3521E00)
pkx_kairyu.fsys - 149,pkx_kairyu.fsys (0x14C),FileIdentifier_0x3701E00 (0x3701E00)
pkx_mewtwo.fsys - 150,pkx_mewtwo.fsys (0x17E),FileIdentifier_0x39E1E00 (0x39E1E00)
pkx_mew.fsys - 151,pkx_mew.fsys (0x17F),FileIdentifier_0x39F1E00 (0x39F1E00)
pkx_chicorita.fsys - 152,pkx_chicorita.fsys (0xB5),FileIdentifier_0x2CB1E00 (0x2CB1E00)
pkx_bayleaf.fsys - 153,pkx_bayleaf.fsys (0xC8),FileIdentifier_0x2DF1E00 (0x2DF1E00)
pkx_meganium.fsys - 154,pkx_meganium.fsys (0x179),FileIdentifier_0x3991E00 (0x3991E00)
pkx_hinoarashi.fsys - 155,pkx_hinoarashi.fsys (0x139),FileIdentifier_0x35F1E00 (0x35F1E00)
pkx_magmarashi.fsys - 156,pkx_magmarashi.fsys (0x172),FileIdentifier_0x3921E00 (0x3921E00)
pkx_bakphoon.fsys - 157,pkx_bakphoon.fsys (0xE0),FileIdentifier_0x3031E00 (0x3031E00)
pkx_waninoko.fsys - 158,pkx_waninoko.fsys (0x219),FileIdentifier_0x4321E00 (0x4321E00)
pkx_alligates.fsys - 159,pkx_alligates.fsys (0xA1),FileIdentifier_0x2B61E00 (0x2B61E00)
pkx_ordile.fsys - 160,pkx_ordile.fsys (0x1AA),FileIdentifier_0x3CA1E00 (0x3CA1E00)
pkx_otachi.fsys - 161,pkx_otachi.fsys (0x1AB),FileIdentifier_0x3CB1E00 (0x3CB1E00)
pkx_ootachi.fsys - 162,pkx_ootachi.fsys (0x1A9),FileIdentifier_0x3C91E00 (0x3C91E00)
pkx_hoho.fsys - 163,pkx_hoho.fsys (0x342),FileIdentifier_0x5A21E00 (0x5A21E00)
pkx_yorunozuku.fsys - 164,pkx_yorunozuku.fsys (0x228),FileIdentifier_0x43E1E00 (0x43E1E00)
pkx_rediba.fsys - 165,pkx_rediba.fsys (0x1CB),FileIdentifier_0x3E91E00 (0x3E91E00)
pkx_redian.fsys - 166,pkx_redian.fsys (0x1CA),FileIdentifier_0x3E81E00 (0x3E81E00)
pkx_itomaru.fsys - 167,pkx_itomaru.fsys (0x140),FileIdentifier_0x3651E00 (0x3651E00)
pkx_ariados.fsys - 168,pkx_ariados.fsys (0xB0),FileIdentifier_0x2C71E00 (0x2C71E00)
pkx_crobat.fsys - 169,pkx_crobat.fsys (0x101),FileIdentifier_0x3281E00 (0x3281E00)
pkx_chonchie.fsys - 170,pkx_chonchie.fsys (0xFC),FileIdentifier_0x3241E00 (0x3241E00)
pkx_lantern.fsys - 171,pkx_lantern.fsys (0x16B),FileIdentifier_0x38C1E00 (0x38C1E00)
pkx_pichu.fsys - 172,pkx_pichu.fsys (0x1B1),FileIdentifier_0x3D11E00 (0x3D11E00)
pkx_py.fsys - 173,pkx_py.fsys (0x1C4),FileIdentifier_0x3E31E00 (0x3E31E00)
pkx_pupurin.fsys - 174,pkx_pupurin.fsys (0x1C2),FileIdentifier_0x3E11E00 (0x3E11E00)
pkx_togepy.fsys - 175,pkx_togepy.fsys (0x1F3),FileIdentifier_0x40E1E00 (0x40E1E00)
pkx_togechick.fsys - 176,pkx_togechick.fsys (0x1F2),FileIdentifier_0x40D1E00 (0x40D1E00)
pkx_naty.fsys - 177,pkx_naty.fsys (0x18C),FileIdentifier_0x3AC1E00 (0x3AC1E00)
pkx_natio.fsys - 178,pkx_natio.fsys (0x18B),FileIdentifier_0x3AB1E00 (0x3AB1E00)
pkx_merriep.fsys - 179,pkx_merriep.fsys (0x17B),FileIdentifier_0x39B1E00 (0x39B1E00)
pkx_mokoko.fsys - 180,pkx_mokoko.fsys (0x184),FileIdentifier_0x3A41E00 (0x3A41E00)
pkx_denryu.fsys - 181,pkx_denryu.fsys (0x103),FileIdentifier_0x32A1E00 (0x32A1E00)
pkx_kireihana.fsys - 182,pkx_kireihana.fsys (0x15D),FileIdentifier_0x3801E00 (0x3801E00)
pkx_maril.fsys - 183,pkx_maril.fsys (0x176),FileIdentifier_0x3961E00 (0x3961E00)
pkx_marilli.fsys - 184,pkx_marilli.fsys (0x175),FileIdentifier_0x3951E00 (0x3951E00)
pkx_usokkie.fsys - 185,pkx_usokkie.fsys (0x214),FileIdentifier_0x42D1E00 (0x42D1E00)
pkx_nyorotono.fsys - 186,pkx_nyorotono.fsys (0x19E),FileIdentifier_0x3BE1E00 (0x3BE1E00)
pkx_hanecco.fsys - 187,pkx_hanecco.fsys (0x12D),FileIdentifier_0x3531E00 (0x3531E00)
pkx_popocco.fsys - 188,pkx_popocco.fsys (0x1B7),FileIdentifier_0x3D61E00 (0x3D61E00)
pkx_watacco.fsys - 189,pkx_watacco.fsys (0x21B),FileIdentifier_0x4341E00 (0x4341E00)
pkx_eipam.fsys - 190,pkx_eipam.fsys (0x111),FileIdentifier_0x3371E00 (0x3371E00)
pkx_himanuts.fsys - 191,pkx_himanuts.fsys (0x137),FileIdentifier_0x35D1E00 (0x35D1E00)
pkx_kimawari.fsys - 192,pkx_kimawari.fsys (0x345),FileIdentifier_0x5A51E00 (0x5A51E00)
pkx_yanyanma.fsys - 193,pkx_yanyanma.fsys (0x224),FileIdentifier_0x43A1E00 (0x43A1E00)
pkx_upah.fsys - 194,pkx_upah.fsys (0x212),FileIdentifier_0x42B1E00 (0x42B1E00)
pkx_nuoh.fsys - 195,pkx_nuoh.fsys (0x19A),FileIdentifier_0x3BA1E00 (0x3BA1E00)
pkx_eifie.fsys - 196,pkx_eifie.fsys (0x110),FileIdentifier_0x3361E00 (0x3361E00)
pkx_blacky.fsys - 197,pkx_blacky.fsys (0xA3),FileIdentifier_0x2B91E00 (0x2B91E00)
pkx_yamikarasu.fsys - 198,pkx_yamikarasu.fsys (0x222),FileIdentifier_0x4571E00 (0x4571E00)
pkx_yadoking.fsys - 199,pkx_yadoking.fsys (0x21E),FileIdentifier_0x4361E00 (0x4361E00)
pkx_muma.fsys - 200,pkx_muma.fsys (0x188),FileIdentifier_0x3A81E00 (0x3A81E00)
PKX Pokemon Model - 201,None (0x0),None (0x0)
pkx_sonans.fsys - 202,pkx_sonans.fsys (0x1E3),FileIdentifier_0x4001E00 (0x4001E00)
pkx_kirinriki.fsys - 203,pkx_kirinriki.fsys (0x15E),FileIdentifier_0x3811E00 (0x3811E00)
pkx_kunugidama.fsys - 204,pkx_kunugidama.fsys (0x167),FileIdentifier_0x3891E00 (0x3891E00)
pkx_foretos.fsys - 205,pkx_foretos.fsys (0xB7),FileIdentifier_0x2CD1E00 (0x2CD1E00)
pkx_nokocchi.fsys - 206,pkx_nokocchi.fsys (0x195),FileIdentifier_0x3B51E00 (0x3B51E00)
pkx_gliger.fsys - 207,pkx_gliger.fsys (0x120),FileIdentifier_0x3461E00 (0x3461E00)
pkx_haganeil.fsys - 208,pkx_haganeil.fsys (0x12B),FileIdentifier_0x3511E00 (0x3511E00)
pkx_bulu.fsys - 209,pkx_bulu.fsys (0xE6),FileIdentifier_0x3071E00 (0x3071E00)
pkx_granbulu.fsys - 210,pkx_granbulu.fsys (0x127),FileIdentifier_0x34D1E00 (0x34D1E00)
pkx_harysen.fsys - 211,pkx_harysen.fsys (0x130),FileIdentifier_0x3561E00 (0x3561E00)
pkx_hassam.fsys - 212,pkx_hassam.fsys (0x131),FileIdentifier_0x3571E00 (0x3571E00)
pkx_tsubotsubo.fsys - 213,pkx_tsubotsubo.fsys (0x1F6),FileIdentifier_0x4111E00 (0x4111E00)
pkx_heracros.fsys - 214,pkx_heracros.fsys (0x136),FileIdentifier_0x35C1E00 (0x35C1E00)
pkx_nyula.fsys - 215,pkx_nyula.fsys (0x1A0),FileIdentifier_0x3C01E00 (0x3C01E00)
pkx_himeguma.fsys - 216,pkx_himeguma.fsys (0x138),FileIdentifier_0x35E1E00 (0x35E1E00)
pkx_ringuma.fsys - 217,pkx_ringuma.fsys (0x1CC),FileIdentifier_0x3EA1E00 (0x3EA1E00)
pkx_magmag.fsys - 218,pkx_magmag.fsys (0x171),FileIdentifier_0x3911E00 (0x3911E00)
pkx_magcargot.fsys - 219,pkx_magcargot.fsys (0x34C),FileIdentifier_0x5AC1E00 (0x5AC1E00)
pkx_urimoo.fsys - 220,pkx_urimoo.fsys (0x213),FileIdentifier_0x42C1E00 (0x42C1E00)
pkx_inomoo.fsys - 221,pkx_inomoo.fsys (0x13E),FileIdentifier_0x3631E00 (0x3631E00)
pkx_sunnygo.fsys - 222,pkx_sunnygo.fsys (0x1E9),FileIdentifier_0x4051E00 (0x4051E00)
pkx_teppouo.fsys - 223,pkx_teppouo.fsys (0x1EF),FileIdentifier_0x4581E00 (0x4581E00)
pkx_okutank.fsys - 224,pkx_okutank.fsys (0x1A3),FileIdentifier_0x3C31E00 (0x3C31E00)
pkx_delibird.fsys - 225,pkx_delibird.fsys (0xB3),FileIdentifier_0x2C91E00 (0x2C91E00)
pkx_mantain.fsys - 226,pkx_mantain.fsys (0x174),FileIdentifier_0x3941E00 (0x3941E00)
pkx_airmd.fsys - 227,pkx_airmd.fsys (0xAC),FileIdentifier_0x2C31E00 (0x2C31E00)
pkx_delvil.fsys - 228,pkx_delvil.fsys (0x102),FileIdentifier_0x3291E00 (0x3291E00)
pkx_hellgar.fsys - 229,pkx_hellgar.fsys (0x135),FileIdentifier_0x35B1E00 (0x35B1E00)
pkx_kingdra.fsys - 230,pkx_kingdra.fsys (0x159),FileIdentifier_0x37D1E00 (0x37D1E00)
pkx_gomazou.fsys - 231,pkx_gomazou.fsys (0x124),FileIdentifier_0x34A1E00 (0x34A1E00)
pkx_donfan.fsys - 232,pkx_donfan.fsys (0x337),FileIdentifier_0x5981E00 (0x5981E00)
pkx_porygon2.fsys - 233,pkx_porygon2.fsys (0x1B9),FileIdentifier_0x3D81E00 (0x3D81E00)
pkx_odoshishi.fsys - 234,pkx_odoshishi.fsys (0x1A1),FileIdentifier_0x3C11E00 (0x3C11E00)
pkx_doble.fsys - 235,pkx_doble.fsys (0x106),FileIdentifier_0x32D1E00 (0x32D1E00)
pkx_balkie.fsys - 236,pkx_balkie.fsys (0xC4),FileIdentifier_0x2DB1E00 (0x2DB1E00)
pkx_kapoerer.fsys - 237,pkx_kapoerer.fsys (0x151),FileIdentifier_0x3751E00 (0x3751E00)
pkx_muchul.fsys - 238,pkx_muchul.fsys (0x187),FileIdentifier_0x3A71E00 (0x3A71E00)
pkx_elekid.fsys - 239,pkx_elekid.fsys (0x113),FileIdentifier_0x3391E00 (0x3391E00)
pkx_buby.fsys - 240,pkx_buby.fsys (0xE5),FileIdentifier_0x3061E00 (0x3061E00)
pkx_miltank.fsys - 241,pkx_miltank.fsys (0x180),FileIdentifier_0x3A01E00 (0x3A01E00)
pkx_happinas.fsys - 242,pkx_happinas.fsys (0x12E),FileIdentifier_0x3541E00 (0x3541E00)
pkx_raikou.fsys - 243,pkx_raikou.fsys (0x1C6),FileIdentifier_0x3E51E00 (0x3E51E00)
pkx_entei.fsys - 244,pkx_entei.fsys (0x33A),FileIdentifier_0x59B1E00 (0x59B1E00)
pkx_suikun.fsys - 245,pkx_suikun.fsys (0x1E8),FileIdentifier_0x4041E00 (0x4041E00)
pkx_yogiras.fsys - 246,pkx_yogiras.fsys (0x226),FileIdentifier_0x43C1E00 (0x43C1E00)
pkx_sanagiras.fsys - 247,pkx_sanagiras.fsys (0x1D6),FileIdentifier_0x3F31E00 (0x3F31E00)
pkx_bangiras.fsys - 248,pkx_bangiras.fsys (0xC5),FileIdentifier_0x2DC1E00 (0x2DC1E00)
pkx_lugia.fsys - 249,pkx_lugia.fsys (0x16E),FileIdentifier_0x38E1E00 (0x38E1E00)
pkx_houou.fsys - 250,pkx_houou.fsys (0x13C),FileIdentifier_0x3611E00 (0x3611E00)
pkx_cerebi.fsys - 251,pkx_cerebi.fsys (0xEA),FileIdentifier_0x30B1E00 (0x30B1E00)
pkx_sonans.fsys - 252,pkx_sonans.fsys (0x1E3),FileIdentifier_0x4001E00 (0x4001E00)
PKX Pokemon Model - 253,None (0x0),None (0x0)
PKX Pokemon Model - 254,None (0x0),None (0x0)
pkx_ponyta.fsys - 255,pkx_ponyta.fsys (0x353),FileIdentifier_0x23281E00 (0x23281E00)
pkx_gallop.fsys - 256,pkx_gallop.fsys (0x33D),FileIdentifier_0x23291E00 (0x23291E00)
pkx_matadogas.fsys - 257,pkx_matadogas.fsys (0x34F),FileIdentifier_0x5AF1E00 (0x5AF1E00)
pkx_ziguzaguma.fsys - 258,pkx_ziguzaguma.fsys (0x22E),FileIdentifier_0x232B1E00 (0x232B1E00)
pkx_massuguma.fsys - 259,pkx_massuguma.fsys (0x34E),FileIdentifier_0x232C1E00 (0x232C1E00)
pkx_freezer.fsys - 260,pkx_freezer.fsys (0x33C),FileIdentifier_0x6081E00 (0x6081E00)
pkx_thunder.fsys - 261,pkx_thunder.fsys (0x1F0),FileIdentifier_0x40B1E00 (0x40B1E00)
pkx_fire.fsys - 262,pkx_fire.fsys (0x33B),FileIdentifier_0x59C1E00 (0x59C1E00)
pkx_betbeton.fsys - 263,pkx_betbeton.fsys (0xE2),FileIdentifier_0x23301E00 (0x23301E00)
pkx_raichu.fsys - 264,pkx_raichu.fsys (0x1C5),FileIdentifier_0x23311E00 (0x23311E00)
pkx_marumine.fsys - 265,pkx_marumine.fsys (0x177),FileIdentifier_0x23321E00 (0x23321E00)
pkx_windie.fsys - 266,pkx_windie.fsys (0x21D),FileIdentifier_0x23331E00 (0x23331E00)
PKX Pokemon Model - 267,None (0x0),None (0x0)
pkx_rayquaza.fsys - 268,pkx_rayquaza.fsys (0x38A),FileIdentifier_0x23351E00 (0x23351E00)
pkx_mewtwo.fsys - 269,pkx_mewtwo.fsys (0x17E),FileIdentifier_0x23361E00 (0x23361E00)
pkx_lizardon.fsys - 270,pkx_lizardon.fsys (0x34A),FileIdentifier_0x5AA1E00 (0x5AA1E00)
pkx_fushigibana.fsys - 271,pkx_fushigibana.fsys (0x118),FileIdentifier_0x23381E00 (0x23381E00)
pkx_kamex.fsys - 272,pkx_kamex.fsys (0x14F),FileIdentifier_0x23391E00 (0x23391E00)
pkx_bohmander.fsys - 273,pkx_bohmander.fsys (0x385),FileIdentifier_0x233A1E00 (0x233A1E00)
PKX Pokemon Model - 274,None (0x0),None (0x0)
PKX Pokemon Model - 275,None (0x0),None (0x0)
PKX Pokemon Model - 276,None (0x0),None (0x0)
pkx_kimori.fsys - 277,pkx_kimori.fsys (0x158),FileIdentifier_0x37C1E00 (0x37C1E00)
pkx_juptile.fsys - 278,pkx_juptile.fsys (0x145),FileIdentifier_0x44A1E00 (0x44A1E00)
pkx_jukain.fsys - 279,pkx_jukain.fsys (0x143),FileIdentifier_0x3681E00 (0x3681E00)
pkx_achamo.fsys - 280,pkx_achamo.fsys (0xA0),FileIdentifier_0x2C01E00 (0x2C01E00)
pkx_wakasyamo.fsys - 281,pkx_wakasyamo.fsys (0x218),FileIdentifier_0x4311E00 (0x4311E00)
pkx_bursyamo.fsys - 282,pkx_bursyamo.fsys (0x9B),FileIdentifier_0x2851E00 (0x2851E00)
pkx_mizugorou.fsys - 283,pkx_mizugorou.fsys (0x183),FileIdentifier_0x3A31E00 (0x3A31E00)
pkx_numacraw.fsys - 284,pkx_numacraw.fsys (0x199),FileIdentifier_0x3B91E00 (0x3B91E00)
pkx_laglarge.fsys - 285,pkx_laglarge.fsys (0x16A),FileIdentifier_0x44D1E00 (0x44D1E00)
pkx_pochiena.fsys - 286,pkx_pochiena.fsys (0x1B6),FileIdentifier_0x3D51E00 (0x3D51E00)
pkx_guraena.fsys - 287,pkx_guraena.fsys (0x128),FileIdentifier_0x34E1E00 (0x34E1E00)
pkx_ziguzaguma.fsys - 288,pkx_ziguzaguma.fsys (0x22E),FileIdentifier_0x4441E00 (0x4441E00)
pkx_massuguma.fsys - 289,pkx_massuguma.fsys (0x34E),FileIdentifier_0x5AE1E00 (0x5AE1E00)
pkx_kemusso.fsys - 290,pkx_kemusso.fsys (0x155),FileIdentifier_0x3791E00 (0x3791E00)
pkx_karasalis.fsys - 291,pkx_karasalis.fsys (0x153),FileIdentifier_0x3771E00 (0x3771E00)
pkx_agehunt.fsys - 292,pkx_agehunt.fsys (0xAB),FileIdentifier_0x2C21E00 (0x2C21E00)
pkx_mayuld.fsys - 293,pkx_mayuld.fsys (0x178),FileIdentifier_0x3981E00 (0x3981E00)
pkx_dokucale.fsys - 294,pkx_dokucale.fsys (0x10B),FileIdentifier_0x3321E00 (0x3321E00)
pkx_hassboh.fsys - 295,pkx_hassboh.fsys (0x132),FileIdentifier_0x3581E00 (0x3581E00)
pkx_hasubrero.fsys - 296,pkx_hasubrero.fsys (0x133),FileIdentifier_0x3591E00 (0x3591E00)
pkx_runpappa.fsys - 297,pkx_runpappa.fsys (0x1D1),FileIdentifier_0x3EE1E00 (0x3EE1E00)
pkx_taneboh.fsys - 298,pkx_taneboh.fsys (0x1EC),FileIdentifier_0x4081E00 (0x4081E00)
pkx_konohana.fsys - 299,pkx_konohana.fsys (0x164),FileIdentifier_0x3861E00 (0x3861E00)
pkx_dirteng.fsys - 300,pkx_dirteng.fsys (0x105),FileIdentifier_0x32C1E00 (0x32C1E00)
pkx_tutinin.fsys - 301,pkx_tutinin.fsys (0x1F7),FileIdentifier_0x4121E00 (0x4121E00)
pkx_tekkanin.fsys - 302,pkx_tekkanin.fsys (0x1EE),FileIdentifier_0x40A1E00 (0x40A1E00)
pkx_nukenin.fsys - 303,pkx_nukenin.fsys (0x198),FileIdentifier_0x3B81E00 (0x3B81E00)
pkx_subame.fsys - 304,pkx_subame.fsys (0x1E7),FileIdentifier_0x4031E00 (0x4031E00)
pkx_ohsubame.fsys - 305,pkx_ohsubame.fsys (0x380),FileIdentifier_0x6621E00 (0x6621E00)
pkx_kinococo.fsys - 306,pkx_kinococo.fsys (0x15B),FileIdentifier_0x37F1E00 (0x37F1E00)
pkx_kinogassa.fsys - 307,pkx_kinogassa.fsys (0x15C),FileIdentifier_0x44B1E00 (0x44B1E00)
pkx_patcheel.fsys - 308,pkx_patcheel.fsys (0x387),FileIdentifier_0x6691E00 (0x6691E00)
pkx_camome.fsys - 309,pkx_camome.fsys (0xE8),FileIdentifier_0x3091E00 (0x3091E00)
pkx_pelipper.fsys - 310,pkx_pelipper.fsys (0x1AF),FileIdentifier_0x3CF1E00 (0x3CF1E00)
pkx_ametama.fsys - 311,pkx_ametama.fsys (0xAE),FileIdentifier_0x2C51E00 (0x2C51E00)
pkx_amemoth.fsys - 312,pkx_amemoth.fsys (0xAD),FileIdentifier_0x2C41E00 (0x2C41E00)
pkx_hoeruko.fsys - 313,pkx_hoeruko.fsys (0x13B),FileIdentifier_0x3601E00 (0x3601E00)
pkx_whaloh.fsys - 314,pkx_whaloh.fsys (0x21C),FileIdentifier_0x4551E00 (0x4551E00)
pkx_eneco.fsys - 315,pkx_eneco.fsys (0x114),FileIdentifier_0x33A1E00 (0x33A1E00)
pkx_enekororo.fsys - 316,pkx_enekororo.fsys (0x115),FileIdentifier_0x33B1E00 (0x33B1E00)
pkx_kakureon.fsys - 317,pkx_kakureon.fsys (0x14D),FileIdentifier_0x3711E00 (0x3711E00)
pkx_yajilon.fsys - 318,pkx_yajilon.fsys (0x221),FileIdentifier_0x4561E00 (0x4561E00)
pkx_nendoll.fsys - 319,pkx_nendoll.fsys (0x18E),FileIdentifier_0x3AE1E00 (0x3AE1E00)
pkx_nosepass.fsys - 320,pkx_nosepass.fsys (0x196),FileIdentifier_0x3B61E00 (0x3B61E00)
pkx_cotoise.fsys - 321,pkx_cotoise.fsys (0x335),FileIdentifier_0x5961E00 (0x5961E00)
pkx_yamirami.fsys - 322,pkx_yamirami.fsys (0x223),FileIdentifier_0x4391E00 (0x4391E00)
pkx_dojoach.fsys - 323,pkx_dojoach.fsys (0x10A),FileIdentifier_0x3311E00 (0x3311E00)
pkx_namazun.fsys - 324,pkx_namazun.fsys (0x18A),FileIdentifier_0x3AA1E00 (0x3AA1E00)
pkx_lovecus.fsys - 325,pkx_lovecus.fsys (0xC0),FileIdentifier_0x2D61E00 (0x2D61E00)
pkx_heigani.fsys - 326,pkx_heigani.fsys (0x134),FileIdentifier_0x35A1E00 (0x35A1E00)
pkx_shizariger.fsys - 327,pkx_shizariger.fsys (0x1DC),FileIdentifier_0x3F91E00 (0x3F91E00)
pkx_hinbass.fsys - 328,pkx_hinbass.fsys (0x340),FileIdentifier_0x5A01E00 (0x5A01E00)
pkx_milokaross.fsys - 329,pkx_milokaross.fsys (0x351),FileIdentifier_0x5B11E00 (0x5B11E00)
pkx_kibanha.fsys - 330,pkx_kibanha.fsys (0x157),FileIdentifier_0x37B1E00 (0x37B1E00)
pkx_samehader.fsys - 331,pkx_samehader.fsys (0x1D5),FileIdentifier_0x3F21E00 (0x3F21E00)
pkx_nuckrar.fsys - 332,pkx_nuckrar.fsys (0x197),FileIdentifier_0x3B71E00 (0x3B71E00)
pkx_vibrava.fsys - 333,pkx_vibrava.fsys (0x217),FileIdentifier_0x4301E00 (0x4301E00)
pkx_frygon.fsys - 334,pkx_frygon.fsys (0x117),FileIdentifier_0x33D1E00 (0x33D1E00)
pkx_makunoshita.fsys - 335,pkx_makunoshita.fsys (0x384),FileIdentifier_0x6661E00 (0x6661E00)
pkx_hariteyama.fsys - 336,pkx_hariteyama.fsys (0x12F),FileIdentifier_0x3551E00 (0x3551E00)
pkx_rakurai.fsys - 337,pkx_rakurai.fsys (0x381),FileIdentifier_0x6631E00 (0x6631E00)
pkx_livolt.fsys - 338,pkx_livolt.fsys (0x349),FileIdentifier_0x5A91E00 (0x5A91E00)
pkx_donmel.fsys - 339,pkx_donmel.fsys (0x10D),FileIdentifier_0x3331E00 (0x3331E00)
pkx_bakuuda.fsys - 340,pkx_bakuuda.fsys (0xC3),FileIdentifier_0x2DA1E00 (0x2DA1E00)
pkx_tamazarashi.fsys - 341,pkx_tamazarashi.fsys (0x1EB),FileIdentifier_0x4071E00 (0x4071E00)
pkx_todoggler.fsys - 342,pkx_todoggler.fsys (0x1F1),FileIdentifier_0x40C1E00 (0x40C1E00)
pkx_todoseruga.fsys - 343,pkx_todoseruga.fsys (0x35C),FileIdentifier_0x5BC1E00 (0x5BC1E00)
pkx_sabonea.fsys - 344,pkx_sabonea.fsys (0x1D3),FileIdentifier_0x3F01E00 (0x3F01E00)
pkx_noctus.fsys - 345,pkx_noctus.fsys (0x194),FileIdentifier_0x3B41E00 (0x3B41E00)
pkx_yukiwarashi.fsys - 346,pkx_yukiwarashi.fsys (0x229),FileIdentifier_0x43F1E00 (0x43F1E00)
pkx_onigohri.fsys - 347,pkx_onigohri.fsys (0x1A7),FileIdentifier_0x3C71E00 (0x3C71E00)
pkx_lunatone.fsys - 348,pkx_lunatone.fsys (0x16F),FileIdentifier_0x38F1E00 (0x38F1E00)
pkx_solrock.fsys - 349,pkx_solrock.fsys (0x1E2),FileIdentifier_0x3FF1E00 (0x3FF1E00)
pkx_ruriri.fsys - 350,pkx_ruriri.fsys (0x1D2),FileIdentifier_0x3EF1E00 (0x3EF1E00)
pkx_baneboo.fsys - 351,pkx_baneboo.fsys (0xC1),FileIdentifier_0x2D81E00 (0x2D81E00)
pkx_boopig.fsys - 352,pkx_boopig.fsys (0xE4),FileIdentifier_0x30D1E00 (0x30D1E00)
pkx_prasle.fsys - 353,pkx_prasle.fsys (0x1BF),FileIdentifier_0x3DE1E00 (0x3DE1E00)
pkx_minun.fsys - 354,pkx_minun.fsys (0x182),FileIdentifier_0x3A21E00 (0x3A21E00)
pkx_kucheat.fsys - 355,pkx_kucheat.fsys (0x166),FileIdentifier_0x3881E00 (0x3881E00)
pkx_asanan.fsys - 356,pkx_asanan.fsys (0xDE),FileIdentifier_0x3011E00 (0x3011E00)
pkx_charem.fsys - 357,pkx_charem.fsys (0xEB),FileIdentifier_0x30C1E00 (0x30C1E00)
pkx_tyltto.fsys - 358,pkx_tyltto.fsys (0x389),FileIdentifier_0x66B1E00 (0x66B1E00)
pkx_tyltalis.fsys - 359,pkx_tyltalis.fsys (0x388),FileIdentifier_0x66A1E00 (0x66A1E00)
pkx_sohnano.fsys - 360,pkx_sohnano.fsys (0x359),FileIdentifier_0x5B91E00 (0x5B91E00)
pkx_yomawaru.fsys - 361,pkx_yomawaru.fsys (0x227),FileIdentifier_0x43D1E00 (0x43D1E00)
pkx_samayouru.fsys - 362,pkx_samayouru.fsys (0x1D4),FileIdentifier_0x3F11E00 (0x3F11E00)
pkx_roselia.fsys - 363,pkx_roselia.fsys (0x1CE),FileIdentifier_0x4511E00 (0x4511E00)
pkx_namakero.fsys - 364,pkx_namakero.fsys (0x189),FileIdentifier_0x3A91E00 (0x3A91E00)
pkx_yarukimono.fsys - 365,pkx_yarukimono.fsys (0x225),FileIdentifier_0x43B1E00 (0x43B1E00)
pkx_kekking.fsys - 366,pkx_kekking.fsys (0x154),FileIdentifier_0x3781E00 (0x3781E00)
pkx_gokulin.fsys - 367,pkx_gokulin.fsys (0x33F),FileIdentifier_0x59F1E00 (0x59F1E00)
pkx_marunoom.fsys - 368,pkx_marunoom.fsys (0x34D),FileIdentifier_0x5AD1E00 (0x5AD1E00)
pkx_tropius.fsys - 369,pkx_tropius.fsys (0x35D),FileIdentifier_0x5BD1E00 (0x5BD1E00)
pkx_gonyonyo.fsys - 370,pkx_gonyonyo.fsys (0x125),FileIdentifier_0x34B1E00 (0x34B1E00)
pkx_dogohmb.fsys - 371,pkx_dogohmb.fsys (0x109),FileIdentifier_0x3301E00 (0x3301E00)
pkx_bakuong.fsys - 372,pkx_bakuong.fsys (0xC2),FileIdentifier_0x2D91E00 (0x2D91E00)
pkx_pearlulu.fsys - 373,pkx_pearlulu.fsys (0x352),FileIdentifier_0x5B21E00 (0x5B21E00)
pkx_huntail.fsys - 374,pkx_huntail.fsys (0x343),FileIdentifier_0x5A31E00 (0x5A31E00)
pkx_sakurabyss.fsys - 375,pkx_sakurabyss.fsys (0x357),FileIdentifier_0x5B71E00 (0x5B71E00)
pkx_absol.fsys - 376,pkx_absol.fsys (0x332),FileIdentifier_0x5921E00 (0x5921E00)
pkx_kagebouzu.fsys - 377,pkx_kagebouzu.fsys (0x149),FileIdentifier_0x36D1E00 (0x36D1E00)
pkx_juppeta.fsys - 378,pkx_juppeta.fsys (0x144),FileIdentifier_0x3691E00 (0x3691E00)
pkx_habunake.fsys - 379,pkx_habunake.fsys (0x12A),FileIdentifier_0x3501E00 (0x3501E00)
pkx_zangoose.fsys - 380,pkx_zangoose.fsys (0x22C),FileIdentifier_0x4421E00 (0x4421E00)
pkx_glanth.fsys - 381,pkx_glanth.fsys (0x11F),FileIdentifier_0x3451E00 (0x3451E00)
pkx_cokodora.fsys - 382,pkx_cokodora.fsys (0xFF),FileIdentifier_0x3271E00 (0x3271E00)
pkx_kodora.fsys - 383,pkx_kodora.fsys (0x160),FileIdentifier_0x3831E00 (0x3831E00)
pkx_bossgodora.fsys - 384,pkx_bossgodora.fsys (0xA6),FileIdentifier_0x2BB1E00 (0x2BB1E00)
pkx_powalen.fsys - 385,pkx_powalen.fsys (0x1BC),FileIdentifier_0x3DB1E00 (0x3DB1E00)
pkx_barubeat.fsys - 386,pkx_barubeat.fsys (0xC7),FileIdentifier_0x2DE1E00 (0x2DE1E00)
pkx_illumise.fsys - 387,pkx_illumise.fsys (0x13D),FileIdentifier_0x3621E00 (0x3621E00)
pkx_lilyla.fsys - 388,pkx_lilyla.fsys (0x16D),FileIdentifier_0x44E1E00 (0x44E1E00)
pkx_yuradle.fsys - 389,pkx_yuradle.fsys (0x22B),FileIdentifier_0x4411E00 (0x4411E00)
pkx_anopth.fsys - 390,pkx_anopth.fsys (0xDC),FileIdentifier_0x2FE1E00 (0x2FE1E00)
pkx_armaldo.fsys - 391,pkx_armaldo.fsys (0xB1),FileIdentifier_0x2D71E00 (0x2D71E00)
pkx_ralts.fsys - 392,pkx_ralts.fsys (0x1C7),FileIdentifier_0x3E61E00 (0x3E61E00)
pkx_kirlia.fsys - 393,pkx_kirlia.fsys (0x15F),FileIdentifier_0x3821E00 (0x3821E00)
pkx_sirnight.fsys - 394,pkx_sirnight.fsys (0x1DF),FileIdentifier_0x3FC1E00 (0x3FC1E00)
pkx_tatsubay.fsys - 395,pkx_tatsubay.fsys (0x35A),FileIdentifier_0x5BA1E00 (0x5BA1E00)
pkx_komoruu.fsys - 396,pkx_komoruu.fsys (0x346),FileIdentifier_0x5A61E00 (0x5A61E00)
pkx_bohmander.fsys - 397,pkx_bohmander.fsys (0x385),FileIdentifier_0x6671E00 (0x6671E00)
pkx_dumbber.fsys - 398,pkx_dumbber.fsys (0x338),FileIdentifier_0x5991E00 (0x5991E00)
pkx_metang.fsys - 399,pkx_metang.fsys (0x350),FileIdentifier_0x5B01E00 (0x5B01E00)
pkx_metagross.fsys - 400,pkx_metagross.fsys (0x17C),FileIdentifier_0x39C1E00 (0x39C1E00)
pkx_regirock.fsys - 401,pkx_regirock.fsys (0x355),FileIdentifier_0x5B51E00 (0x5B51E00)
pkx_regice.fsys - 402,pkx_regice.fsys (0x354),FileIdentifier_0x5B41E00 (0x5B41E00)
pkx_registeel.fsys - 403,pkx_registeel.fsys (0x356),FileIdentifier_0x5B61E00 (0x5B61E00)
pkx_kyogre.fsys - 404,pkx_kyogre.fsys (0xD0),FileIdentifier_0x2F11E00 (0x2F11E00)
pkx_groudon.fsys - 405,pkx_groudon.fsys (0xA2),FileIdentifier_0x2B51E00 (0x2B51E00)
pkx_rayquaza.fsys - 406,pkx_rayquaza.fsys (0x38A),FileIdentifier_0x66C1E00 (0x66C1E00)
pkx_latias.fsys - 407,pkx_latias.fsys (0x347),FileIdentifier_0x5A71E00 (0x5A71E00)
pkx_latios.fsys - 408,pkx_latios.fsys (0x348),FileIdentifier_0x5A81E00 (0x5A81E00)
pkx_jirachi.fsys - 409,pkx_jirachi.fsys (0x344),FileIdentifier_0x5A41E00 (0x5A41E00)
pkx_deoxys.fsys - 410,pkx_deoxys.fsys (0x386),FileIdentifier_0x6681E00 (0x6681E00)
pkx_chirean.fsys - 411,pkx_chirean.fsys (0xFB),FileIdentifier_0x4461E00 (0x4461E00)
pkx_egg.fsys - 412,pkx_egg.fsys (0x492),FileIdentifier_0xABC1E00 (0xABC1E00)
pkx_migawari.fsys - 413,pkx_migawari.fsys (0x48F),FileIdentifier_0xABE1E00 (0xABE1E00)
pkx_powalen_w.fsys - 414,pkx_powalen_w.fsys (0x1BE),FileIdentifier_0x3DD1E00 (0x3DD1E00)
pkx_powalen_f.fsys - 415,pkx_powalen_f.fsys (0x1BB),FileIdentifier_0x3DA1E00 (0x3DA1E00)
pkx_powalen_i.fsys - 416,pkx_powalen_i.fsys (0x1BD),FileIdentifier_0x3DC1E00 (0x3DC1E00)
pkx_darklugia.fsys - 417,pkx_darklugia.fsys (0x8D7),FileIdentifier_0x19661E00 (0x19661E00)
pkx_usohachi.fsys - 418,pkx_usohachi.fsys (0x94B),FileIdentifier_0x1F0F1E00 (0x1F0F1E00)
